frame_index,time_s,detected,inner_aperture,outer_aperture,lip_width,inner_aperture_smooth,outer_aperture_smooth,lip_width_smooth,aperture_velocity,aperture_acceleration,aperture_jerk
0,0.0,True,0.153327777951004,0.28655544795894844,0.7560848117685729,0.15167897737797134,0.28655544795894844,0.7541799671480656,-0.018552549294434048,2.6020852139652106e-15,-4.155834923788717
2,0.08,True,0.14871056949086192,0.2865761645320647,0.7541799671480656,0.15019477343441662,0.28656580624550654,0.7494670731255544,-0.01855254929443384,-0.33246679390309475,-3.961052921934642
4,0.16,True,0.15167897737797134,0.2853179570202029,0.7447541791030432,0.14871056949086192,0.2865761645320647,0.7447541791030432,-0.07174723631892921,-0.6337684675095401,2.4978819543440687
6,0.24,True,0.13871521562338793,0.2910417382424588,0.671105508343706,0.13871521562338793,0.2865761645320647,0.6752582595369535,-0.11995550409596023,0.06719431879195603,5.7165349315996785
8,0.32,True,0.12951768883550827,0.2867289522677572,0.6713167567007168,0.12951768883550827,0.2853179570202029,0.6752582595369535,-0.0609961453122162,0.2808771215464084,-0.8304104474634162
10,0.4,True,0.12895583237343333,0.280134261504115,0.6752582595369535,0.12895583237343333,0.280134261504115,0.6752582595369535,-0.07501516464853486,-0.06567135280219061,1.174797859418345
12,0.48,True,0.05500538906642117,0.18523114420948655,0.6797126781708669,0.1175152624917427,0.2546901431412319,0.6797126781708669,-0.07150356176056671,0.46884477905334293,3.2035538362858285
14,0.56,True,0.10906002486920255,0.2434742434960982,0.7182868354862918,0.1175152624917427,0.2546901431412319,0.7182868354862918,1.1102230246251565e-16,0.44689726100354127,-2.9302798690834053
16,0.64,True,0.1175152624917427,0.2546901431412319,0.7312447601496689,0.1175152624917427,0.2546901431412319,0.7246596135571012,0.0,-1.3877787807814465e-15,-3.821735921121731
18,0.72,True,0.12687585181298763,0.2634136574197896,0.7353223398831327,0.1175152624917427,0.26104624434268525,0.7246596135571012,-1.1102230246251565e-16,-0.1645804863759354,-1.0286280398495846
20,0.8,True,0.11808930254090699,0.2637002756901042,0.7246596135571012,0.1175152624917427,0.26104624434268525,0.7246596135571012,-0.026332877820149703,-0.16458048637593473,2.057256079699197
22,0.88,True,0.11330200204051874,0.26104624434268525,0.7224674309446746,0.11330200204051874,0.26104624434268525,0.7235779856533312,-0.026332877820149703,0.16458048637593573,3.7418998596016415
24,0.96,True,0.10065322637207555,0.24717015835128212,0.7235779856533312,0.11330200204051874,0.26104624434268525,0.7224873000374884,0.0,0.4341234911603276,2.1802069896165857
26,1.04,True,0.09607941252349571,0.24252320649845377,0.7224873000374884,0.11330200204051874,0.26104624434268525,0.7224873000374884,0.04312688076550275,0.5134136047145892,-2.629200093045396
28,1.12,True,0.12020230296299919,0.2700527842466547,0.7176655707517002,0.12020230296299919,0.2700527842466547,0.7235779856533312,0.08214617675433433,0.013451476273063867,-5.1169437510873195
30,1.2,True,0.12644539032121224,0.2747489526546537,0.7331346104771382,0.12644539032121224,0.2747489526546537,0.7331346104771382,0.04527911696919318,-0.30529739545938206,0.3344987959956084
32,1.28,True,0.12744696167807007,0.27696887035075657,0.7400769210516189,0.12744696167807007,0.27696887035075657,0.73889521895731,0.033298593480833305,0.0669712836323631,1.7384663922877777
34,1.36,True,0.1317731652781456,0.2807572905140927,0.7395111653587474,0.1317731652781456,0.2807572905140927,0.73889521895731,0.05599452235037128,-0.027142772693337425,-2.6058565520136536
36,1.44,True,0.13673954513594924,0.28464400613850704,0.73889521895731,0.13640608525412948,0.28464400613850704,0.73889521895731,0.02895574984989946,-0.34996576468982066,-2.572474987852025
38,1.52,True,0.1380251365135988,0.2858426864172178,0.7300502868604112,0.13640608525412948,0.28464400613850704,0.7300502868604112,0.0,-0.4387387707496606,-1.795259784552365
40,1.6,True,0.13640608525412948,0.2858359663034208,0.7232130673345495,0.13640608525412948,0.28464400613850704,0.7232130673345495,-0.04124245347004629,-0.6372073302181993,0.4026355393732901
42,1.68,True,0.1298072926989221,0.2753284816588661,0.7164845438427252,0.1298072926989221,0.2753284816588661,0.7164845438427252,-0.10195317283491179,-0.37431708444993556,6.132847644385976
44,1.76,True,0.12009357760054358,0.26637098868249176,0.712010355014775,0.12009357760054358,0.26637098868249176,0.7149609822753171,-0.10113318698203577,0.34404829288355765,6.0215225928027944
46,1.84,True,0.11362598278179636,0.26265260017440123,0.7149609822753171,0.11362598278179636,0.2648151706706649,0.713915816841382,-0.046905445973542514,0.5891265303985123,-0.39819972532213455
48,1.92,True,0.11258870624477677,0.2627933637744871,0.7130089511438719,0.11258870624477677,0.2648151706706649,0.7130089511438719,-0.006872942118273828,0.2803363368320177,-3.525890746146906
50,2.0,True,0.11252631204287256,0.2648151706706649,0.713915816841382,0.11252631204287256,0.2648151706706649,0.7130089511438719,-0.0020516320804198074,0.024984011015007752,-1.8097036656195247
52,2.08,True,0.11226044511190961,0.2689012341788492,0.7112244232688286,0.11226044511190961,0.2666559405368043,0.7112244232688286,-0.0028755003558725845,-0.009216249667106512,-0.28540801735588534
54,2.16,True,0.11206623198593293,0.2683762084540744,0.7096391893296347,0.11206623198593293,0.2666559405368043,0.7096391893296347,-0.0035262320271568504,-0.02068127176193394,-0.5911438935790245
56,2.24,True,0.1116962479875645,0.2666559405368043,0.7070863733049135,0.1116962479875645,0.2666559405368043,0.7070863733049135,-0.006184503837782018,-0.10379927263975051,-0.2763393463279096
58,2.32,True,0.1110767113718878,0.26379748610164494,0.7048119837631823,0.1110767113718878,0.26379748610164494,0.7054484793927837,-0.020134115649516837,-0.06489556717440007,1.2798113460065421
60,2.4,True,0.10847478948364181,0.2620734753447654,0.7054484793927837,0.10847478948364181,0.2636807555026413,0.7049038535431045,-0.016567794585685913,0.10097054272129652,0.9092984102980084
62,2.48,True,0.10842586423817806,0.26202870892706237,0.7020592932988755,0.10842586423817806,0.2620734753447654,0.7049038535431045,-0.003978828814109381,0.0805921784732814,-0.47564289145695526
64,2.56,True,0.1078381768733843,0.2636807555026413,0.7049038535431045,0.1078381768733843,0.26202870892706237,0.7054484793927837,-0.0036730460299608803,0.02486768008818361,-0.21668847883715764
66,2.64,True,0.10605230541727322,0.26087756299350917,0.7121632612782767,0.1078381768733843,0.26202870892706237,0.7121632612782767,0.0,0.04592202185933615,2.4024953820251636
68,2.72,True,0.10560540236659002,0.2610669501505812,0.7166730452857742,0.1078381768733843,0.2636807555026413,0.713392119728986,0.0036744774675329106,0.4092669412122101,6.121554276684218
70,2.8,True,0.10842609326818954,0.2673756003704179,0.713392119728986,0.10842609326818954,0.2673756003704179,0.7166730452857742,0.06548271059395316,1.0253707061288078,3.7605521740153875
72,2.88,True,0.11831541056841685,0.27087429182021894,0.7196441824523517,0.11831541056841685,0.27087429182021894,0.7196441824523517,0.16773379044814207,1.0109552890546676,-7.044288130062188
74,2.96,True,0.1352634997398923,0.27806051276859556,0.7249814274996733,0.1352634997398923,0.27806051276859556,0.7214595187350537,0.22723555684270014,-0.10171539468114332,-8.40747414192219
76,3.04,True,0.1546730996632489,0.28588388608982346,0.7251780441647783,0.1546730996632489,0.28588388608982346,0.7249814274996733,0.15145932729915912,-0.3342405736528842,10.277507971064178
78,3.12,True,0.15949699210775778,0.2946327316615296,0.7214595187350537,0.15949699210775778,0.2946327316615296,0.7251780441647783,0.17375706505823862,1.5426858806891266,8.39300184671674
80,3.2,True,0.18247423007256713,0.3222701354841416,0.738399393684744,0.18247423007256713,0.3222701354841416,0.738399393684744,0.39828906820941956,1.0086397218217953,-20.73475722070809
82,3.28,True,0.22322324302126467,0.38083922010981036,0.7691419254567278,0.22322324302126467,0.38083922010981036,0.7691419254567278,0.3351394205497271,-1.774875274624149,-18.055761668644084
84,3.36,True,0.23609653736052325,0.39695941055153894,0.7783644676152838,0.23609653736052325,0.39695941055153894,0.7783644676152838,0.11430902426955547,-1.880282145161238,6.948422119394432
86,3.44,True,0.2452392551385333,0.40741587773377574,0.7838700853423229,0.24151268690439354,0.40408502437056204,0.7838700853423229,0.03429427732392876,-0.6631277355210388,10.412143199291762
88,3.52,True,0.24151268690439354,0.40408502437056204,0.7914642720482699,0.24158362173235187,0.405840343816099,0.7914642720482699,0.00820858658618917,-0.21433923327455454,3.5205705931924878
90,3.6,True,0.24158362173235187,0.405840343816099,0.7932001850028391,0.2428260607581838,0.40741587773377574,0.7932001850028391,0.0,-0.09983644061024025,1.1868385880931758
92,3.68,True,0.24320855334839592,0.41275125235466503,0.8004496960175153,0.24158362173235187,0.41275125235466503,0.7951091348784877,-0.007765243911449282,-0.024445059179646268,-4.431951598827422
94,3.76,True,0.2428260607581838,0.41729116737574584,0.7991315727114128,0.24158362173235187,0.41275125235466503,0.7951091348784877,-0.0039112094687434595,-0.8089486964226215,-5.046946528572186
96,3.84,True,0.24095782821735295,0.41501091836527526,0.7951091348784877,0.24095782821735295,0.41275125235466503,0.7951091348784877,-0.13719703533906924,-0.8319565037511905,-0.3093911414426831
98,3.92,True,0.21903394820632346,0.3889587193870152,0.7842670445210553,0.21963209607810075,0.3889587193870152,0.7842670445210553,-0.13702425006893404,-0.8584512790534509,-5.472172449366789
100,4.0,True,0.21963209607810075,0.38407232808862857,0.7768449171931127,0.21903394820632346,0.38407232808862857,0.7768449171931127,-0.2745492399876215,-1.7075040956498775,-5.982821301002327
102,4.08,True,0.1757042176800813,0.3301720852607655,0.7283889823419233,0.1757042176800813,0.3301720852607655,0.7283889823419233,-0.41022490537291467,-1.815702687213824,10.06945235620947
104,4.16,True,0.15339796334665706,0.31492890292857256,0.7139194374951235,0.15339796334665706,0.31492890292857256,0.7139194374951235,-0.5650616699418336,-0.09639171865636076,33.42086327718923
106,4.24,True,0.02747230343758461,0.15999441457277952,0.6816773175506211,0.08529435048938784,0.23002135016556582,0.71292396158946,-0.4256475803579324,3.531635437136457,26.087859466991176
108,4.32,True,0.06438237219688736,0.21093262391793566,0.6921554651670627,0.08529435048938784,0.23002135016556582,0.71292396158946,0.0,4.077665796062231,-8.232044624365932
110,4.4,True,0.08529435048938784,0.23002135016556582,0.71292396158946,0.08529435048938784,0.23002135016556582,0.71292396158946,0.22677894701202506,2.2145082972379067,-28.08470225295702
112,4.48,True,0.12157898201131187,0.260829059605854,0.7259710296383286,0.12157898201131187,0.260829059605854,0.7259710296383286,0.35432132755806534,-0.41588656441089555,-25.20611656393195
114,4.56,True,0.1419857628986782,0.2773034742220266,0.730555893099139,0.1419857628986782,0.2773034742220266,0.730555893099139,0.1602370967062856,-1.8184703529911999,-2.375997165385413
116,4.64,True,0.1472169174843173,0.2845707113687376,0.7347744788992676,0.1472169174843173,0.2845707113687376,0.730555893099139,0.06336607107947578,-0.796046110872533,8.97607615025644
118,4.72,True,0.15212433427139435,0.28877390652160506,0.7318955334549975,0.15212433427139435,0.2869281009772713,0.730555893099139,0.03286971896668023,-0.38229816895016844,3.691314795817383
120,4.8,True,0.15247607251898615,0.2890455919249046,0.7261938840464245,0.15247607251898615,0.2869281009772713,0.7261938840464245,0.0021983640474487753,-0.20543574354175126,-0.8531959008198609
122,4.88,True,0.15423312396589794,0.2869281009772713,0.7243321498669079,0.15247607251898615,0.2869281009772713,0.7243321498669079,0.0,-0.5188095130813463,-3.7623289665709754
124,4.96,True,0.15474203893482807,0.28549548258904256,0.7230684605645616,0.15247607251898615,0.28549548258904256,0.7230684605645616,-0.08081115804556671,-0.8074083781931078,-3.3049440031094948
126,5.04,True,0.13954628723169546,0.2824732592078066,0.7164696816818552,0.13954628723169546,0.2824732592078066,0.7164696816818552,-0.12918534051089736,-1.047600553578866,-2.109347137796095
128,5.12,True,0.13180641803724255,0.27621272610110753,0.6958101794160894,0.13180641803724255,0.27621272610110753,0.6958101794160894,-0.24842724661818538,-1.1449039202404834,11.864313734151697
130,5.2,True,0.09979792777278577,0.24756318718618991,0.6843878504617276,0.09979792777278577,0.24756318718618991,0.6843878504617276,-0.31236996774937487,0.8506896438854071,19.35760136671295
132,5.28,True,0.08182722319734254,0.23205187064463073,0.6784383928017076,0.08182722319734254,0.23205187064463073,0.6784383928017076,-0.11231690359652013,1.9523122984335912,0.8057416461635984
134,5.36,True,0.014341272293734462,0.1519230826045771,0.6627207124211132,0.08182722319734254,0.23205187064463073,0.6784383928017076,0.0,0.9796083072715829,-0.515510309602405
136,5.44,True,0.044069944646411535,0.19658701208146145,0.6745700970404708,0.08182722319734254,0.23205187064463073,0.6784383928017076,0.044420425566933264,1.8698306488972065,10.645663995300051
138,5.52,True,0.08893449128805174,0.24952904067002094,0.68769533285218,0.08893449128805174,0.24952904067002094,0.68769533285218,0.29917290382354933,2.682914546519584,-14.820763003658229
140,5.6,True,0.1296948878091106,0.2698027052557541,0.6901133017553596,0.1296948878091106,0.2698027052557541,0.6882043782395169,0.4736867530100639,-0.5014914316881436,-35.271604705202975
142,5.68,True,0.16472437176966204,0.301070291490443,0.6882043782395169,0.16472437176966204,0.301070291490443,0.6901133017553596,0.2189342747534463,-2.9605422063128968,-6.019636194614643
144,5.76,True,0.17971293764195184,0.3163953386847445,0.6927524446047798,0.16472437176966204,0.30282787357019403,0.6901133017553596,0.0,-1.4646332228264871,16.678222979024092
146,5.84,True,0.16802942728083645,0.3073163351447586,0.6924340462084896,0.16472437176966204,0.30282787357019403,0.6924340462084896,-0.015407040898791857,-0.29202652966903975,6.729642652247831
148,5.92,True,0.16225924522585533,0.30282787357019403,0.6897776420854802,0.16225924522585533,0.30282787357019403,0.6927524446047798,-0.046724244747046395,-0.38789039846683326,1.1852589918694303
150,6.0,True,0.1572484926101346,0.2949885827031148,0.7048431742430864,0.1572484926101346,0.2949885827031148,0.7048431742430864,-0.07746950465348523,-0.10238509096993076,4.585634476090787
152,6.08,True,0.14986412448129768,0.2875054405854358,0.716237025445048,0.14986412448129768,0.2875054405854358,0.7136859213128096,-0.06310585930223533,0.34581111770769335,0.9964962496268237
154,6.16,True,0.14715155512177694,0.2845355089058981,0.7136859213128096,0.14715155512177694,0.286187391360176,0.716237025445048,-0.022139725820254252,0.05705430897036118,-3.2569992536903873
156,6.24,True,0.146321768350057,0.286187391360176,0.7206898946265414,0.146321768350057,0.2845355089058981,0.7206898946265414,-0.05397716986697754,-0.17530876288276903,1.5268966316955386
158,6.32,True,0.13851520794306052,0.27614931026334844,0.7217957842607741,0.13851520794306052,0.28295736170535474,0.7206898946265414,-0.05018912788149732,0.30135777004164754,-0.207466813092835
160,6.4,True,0.13829150788901742,0.28198214574733554,0.7222501964764828,0.13829150788901742,0.28198214574733554,0.7206898946265414,-0.0057599266603138854,-0.20850345297762268,-11.042235009476464
162,6.48,True,0.1375936196774103,0.28295736170535474,0.7145382570012584,0.1375936196774103,0.27614931026334844,0.7145382570012584,-0.08354968035791699,-1.4653998314745882,-4.134949436199244
164,6.56,True,0.12492355903175088,0.27029988838786256,0.7045455951459244,0.12492355903175088,0.27029988838786256,0.7045455951459244,-0.24022389969624602,-0.8700953627695192,15.017278431205929
166,6.64,True,0.09915779572601098,0.2682219992104912,0.627822578216218,0.09915779572601098,0.27029988838786256,0.627822578216218,-0.2227649384010375,0.9373647175183628,12.27671861541674
168,6.72,True,0.08928116888758486,0.26949959698943815,0.593791800698873,0.08928116888758486,0.27029988838786256,0.593791800698873,-0.09024554489330783,1.0941796156971613,-3.1201281923230897
170,6.8,True,0.0847185085430817,0.2779548710266156,0.5847919890377442,0.0847185085430817,0.26949959698943815,0.593791800698873,-0.047696199889491586,0.4381442067466681,-5.013103035138596
172,6.88,True,0.08164977690526619,0.2706553153345258,0.5910843936421198,0.08164977690526619,0.26949959698943815,0.593791800698873,-0.02014247181384088,0.29208313007498515,-1.951585986938515
174,6.96,True,0.0769158922271759,0.256704544083142,0.5987542252607544,0.08149571305286717,0.256704544083142,0.5987542252607544,-0.0009628990774939172,0.12589044883650538,-0.5805820016249426
176,7.04,True,0.08063564499469048,0.2545437581466309,0.6044357068074213,0.08149571305286717,0.25468382387042365,0.6044357068074213,0.0,0.19919000981499427,2.411587145819687
178,7.12,True,0.08149571305286717,0.25468382387042365,0.6333117241840859,0.08149571305286717,0.2545437581466309,0.6333117241840859,0.030907502492905192,0.5117443921676557,0.2332391134417413
180,7.2,True,0.08644091345173201,0.2502961941936485,0.6967363752508413,0.08644091345173201,0.2502961941936485,0.6967363752508413,0.08187910274682497,0.2365082679656729,-5.653081707859297
182,7.28,True,0.09459636949235918,0.2462427101570583,0.7075381103193961,0.09459636949235918,0.24974310710869485,0.7048618949711125,0.06874882536741289,-0.3927486810898325,-2.029530817134313
184,7.36,True,0.09744072551051808,0.24974310710869485,0.7048618949711125,0.09744072551051808,0.24974310710869485,0.7048618949711125,0.019039313772451716,-0.08821666277581747,4.054343808734412
186,7.44,True,0.09764265969595146,0.2421629618537008,0.7053460809760632,0.09764265969595146,0.24974310710869485,0.7048618949711125,0.05463415932328208,0.2559463283076739,-0.12297808279563849
188,7.52,True,0.10724117590422008,0.25511246065042514,0.7001466864424486,0.10618219100224306,0.25511246065042514,0.7001466864424486,0.059990726301679675,-0.10789315602311167,0.4522818049704853
190,7.6,True,0.10618219100224306,0.25527573772505485,0.6944232834075544,0.10724117590422008,0.25527573772505485,0.6944232834075544,0.037371254359583994,0.3283114171029601,3.320151229789114
192,7.68,True,0.11216159169977649,0.2556546904367991,0.684297982563321,0.11216159169977649,0.2556546904367991,0.6916678473395366,0.11252055303815334,0.42333104074314704,-5.535707547346286
194,7.76,True,0.12524446439032463,0.2633192351296748,0.6883940265920687,0.12524446439032463,0.2633192351296748,0.6916678473395366,0.10510422087848759,-0.5574017904724464,-6.751452632710581
196,7.84,True,0.12897826704033452,0.266213999612693,0.6916678473395366,0.12897826704033452,0.266213999612693,0.6916678473395366,0.023336266562561825,-0.6569013804905468,-6.200742126921922
198,7.92,True,0.1478336086168537,0.2857881366669206,0.6976608201454283,0.12897826704033452,0.266213999612693,0.6916678473395366,0.0,-1.5495205307799549,-4.667296776708725
200,8.0,True,0.15205515916430362,0.2972206814404207,0.6987313630005201,0.12897826704033452,0.266213999612693,0.6916678473395366,-0.22458701836223116,-1.4036688647639435,18.457433722149347
202,8.08,True,0.03182488767575397,0.17859893931792642,0.670826431925804,0.09304434410237751,0.2356763538672716,0.6835753410096584,-0.22458701836223116,1.4036688647639435,20.56485043049123
204,8.16,True,0.04716580866899772,0.19295630693942398,0.669483894464554,0.09304434410237751,0.2356763538672716,0.6835753410096584,0.0,1.8867072041146562,-2.5248680107192323
206,8.24,True,0.09304434410237751,0.2356763538672716,0.6835753410096584,0.09304434410237751,0.2356763538672716,0.670826431925804,0.07728613429611408,0.9996899830488659,-8.400611511426733
208,8.32,True,0.10541012558975577,0.24823037252924374,0.6891742108422781,0.10541012558975577,0.24823037252924374,0.669483894464554,0.15995039728781868,0.5426093622863776,-6.475970016081962
210,8.4,True,0.11863640766842852,0.26691830803193445,0.6627040353791894,0.11863640766842852,0.26691830803193445,0.6835753410096584,0.16410363226193458,-0.03646521952424886,-6.962677239611168
212,8.48,True,0.13166670675166534,0.28476568151254916,0.6556474127975597,0.13166670675166534,0.28476568151254916,0.6891742108422781,0.15411596216393886,-0.5714189960514101,-5.7922471500022965
214,8.56,True,0.14329496161465877,0.2929969487537459,0.6931835979527716,0.14329496161465877,0.2929969487537459,0.6931835979527716,0.07267659289370887,-0.9632247635246171,-7.5079543101184
216,8.64,True,0.15273040206348923,0.302349720648836,0.7081303185565633,0.14329496161465877,0.2929969487537459,0.6931835979527716,0.0,-1.7726916856703552,-8.694781096938557
218,8.72,True,0.15631175566483052,0.3063028821056101,0.7109193087120721,0.14329496161465877,0.2929969487537459,0.6931835979527716,-0.21095407681354816,-2.3543897390347874,11.21293342502342
220,8.8,True,0.10954230932449102,0.25645950525298744,0.6768904453606863,0.10954230932449102,0.25645950525298744,0.6768904453606863,-0.3767023582455663,0.021377662333393666,27.79763074542753
222,8.88,True,0.0830225842953681,0.2482477736539626,0.6237012330515456,0.0830225842953681,0.2482477736539626,0.6237012330515456,-0.2075336508402052,2.093231180233621,7.9731728463617735
224,8.96,True,0.07633692519005816,0.23898777196754625,0.6213995151375722,0.07633692519005816,0.23898777196754625,0.6213995151375722,-0.04178536940818661,1.2970853177512784,-8.93497100188736
226,9.04,True,0.0714231185808012,0.23075020722975023,0.6211749624622956,0.07633692519005816,0.23898777196754625,0.6213995151375722,0.0,0.6636358199316545,-3.1442142946714124
228,9.12,True,0.06671945430959693,0.2257795487176101,0.6203003725394854,0.07633692519005816,0.23898777196754625,0.6213995151375722,0.06439636178087754,0.7940110306038747,-3.4063736681634476
230,9.2,True,0.08664034307499857,0.24581718653815243,0.6651363216413744,0.08664034307499857,0.24581718653815243,0.6651363216413744,0.12704176489662006,0.1186160330255025,-8.310136865840354
232,9.28,True,0.09666360757351738,0.24794363473505127,0.6868617355622056,0.09666360757351738,0.24794363473505127,0.6868617355622056,0.08337492706495797,-0.5356108679305831,-3.09853732626709
234,9.36,True,0.09998033140539186,0.2502641018717939,0.6895905291830915,0.09998033140539186,0.2502641018717939,0.6895905291830915,0.04134402602772669,-0.3771499391772324,2.3562230210421995
236,9.44,True,0.10327865173795367,0.2513851033607898,0.7003494008609034,0.10327865173795367,0.25095340645347336,0.7000638534427905,0.02303093679660073,-0.1586151845638309,5.191041715785108
238,9.52,True,0.10366528129284798,0.25095340645347336,0.7000638534427905,0.10366528129284798,0.2513851033607898,0.7003494008609034,0.015965596497513723,0.45341673534838556,5.80623272957287
240,9.6,True,0.10583314717755586,0.25550778020903464,0.7013413011832391,0.10583314717755586,0.25550778020903464,0.7013413011832391,0.09557761445234247,0.7703820521678291,-2.0531008407487503
242,9.68,True,0.1189576996052228,0.2660792990373246,0.7050436835762434,0.1189576996052228,0.2660792990373246,0.7013413011832391,0.1392267248443665,0.12492060082858525,-6.6491726760966685
244,9.76,True,0.12810942315265453,0.2704805686348314,0.7041844490991673,0.12810942315265453,0.2704805686348314,0.7013413011832391,0.11556491058491614,-0.2934855760076388,-2.7593178041100757
246,9.84,True,0.1374480852988094,0.2795102092081107,0.6982724978356714,0.1374480852988094,0.2795102092081107,0.6982724978356714,0.09226903268314424,-0.3165702478290272,-0.5585962445049439
248,9.92,True,0.1428724683819576,0.2834019449349014,0.6940344771254182,0.1428724683819576,0.2834019449349014,0.697223724265314,0.06491367093227174,-0.3828609751284299,-0.14021258431037298
250,10.0,True,0.15007007939955092,0.2933117440133091,0.697223724265314,0.1478342726479729,0.2868136990148906,0.6940344771254182,0.0310112766625954,-0.33900426131868694,1.598416737470123
252,10.08,True,0.14954195090737796,0.2901466726609204,0.6926797790036677,0.1478342726479729,0.2880379659146997,0.6926797790036677,0.010672989121281784,-0.12711429713320999,5.613847752867937
254,10.16,True,0.1478342726479729,0.2868136990148906,0.6914581169411953,0.14954195090737796,0.2901466726609204,0.6926797790036677,0.010672989121281784,0.5592113791401838,4.289535476708707
256,10.24,True,0.1469348603837739,0.2880379659146997,0.6871428727336711,0.14954195090737796,0.2901466726609204,0.6926797790036677,0.10014680978371127,0.5592113791401838,-7.40705587680236
258,10.32,True,0.16556544047277177,0.3227526349812085,0.7009710633012808,0.16556544047277177,0.3227526349812085,0.7009710633012808,0.10014680978371127,-0.6259175611481949,-18.037429479192287
260,10.4,True,0.20685033617204296,0.37478326910066634,0.711101178331951,0.16556544047277177,0.3227526349812085,0.7009710633012808,0.0,-2.3267773375305847,-6.718388845213714
262,10.48,True,0.2246782649305187,0.3866777154642381,0.7221489141533838,0.16556544047277177,0.3227526349812085,0.7009710633012808,-0.2721375642211826,-1.70085977638239,25.17273196195607
264,10.56,True,0.023797883676582893,0.14583093881957657,0.670569730085292,0.12202343019738253,0.25157044376701737,0.7099416601764865,-0.2721375642211826,1.70085977638239,21.735168956263884
266,10.64,True,0.07085747750735054,0.20022210125928502,0.699342492504523,0.12202343019738253,0.24603460831514606,0.7099416601764865,0.0,1.7767672566198343,-6.530235881412369
268,10.72,True,0.12202343019738253,0.25157044376701737,0.7099416601764865,0.12202343019738253,0.24603460831514606,0.7099416601764865,0.01214519683799109,0.6560220353564101,-6.789499016015318
270,10.8,True,0.1239666616914611,0.24603460831514606,0.7115465724712684,0.1239666616914611,0.25157044376701737,0.7109961311231647,0.10496352565702571,0.6904474140573825,-7.036273322105998
272,10.88,True,0.13881759430250665,0.27799746428937516,0.7109961311231647,0.13881759430250665,0.27799746428937516,0.7115465724712684,0.12261678308717239,-0.46978169618055066,-9.105014427201302
274,10.96,True,0.14582910900320847,0.28244370674974867,0.7144571488771144,0.1435853469854087,0.27948048106468454,0.7127128049503508,0.029798454268137542,-0.7663548942948271,1.5558223652262093
276,11.04,True,0.14506365449583508,0.28247278240454804,0.7178095856605171,0.1435853469854087,0.27948048106468454,0.7144571488771144,-1.1102230246251565e-16,-0.2208501177443784,2.713551184792947
278,11.12,True,0.1435853469854087,0.27948048106468454,0.7127128049503508,0.1435853469854087,0.27948048106468454,0.7146775770285339,-0.005537564570962106,-0.3321867047279746,-0.7545261929050506
280,11.2,True,0.14269933665405476,0.2776838779940075,0.7146775770285339,0.14269933665405476,0.27948048106468454,0.7146775770285339,-0.05314987275647609,-0.3415743086091866,3.3311731272148872
282,11.28,True,0.1350813673443725,0.2765086584013686,0.719960036522546,0.1350813673443725,0.27948048106468454,0.7127128049503508,-0.060189453948432003,0.20080099562640782,3.242264216110558
284,11.36,True,0.13306902402230564,0.2809377486875893,0.6972328538845632,0.13306902402230564,0.280054754794947,0.6972328538845632,-0.021021713456250812,0.1771879659685031,-1.3477053728169177
286,11.44,True,0.1317178931913724,0.2841838067121136,0.6943953423527708,0.1317178931913724,0.280054754794947,0.6972328538845632,-0.03183937939347148,-0.014831864024299202,0.13630097025433408
288,11.52,True,0.1279747233193502,0.280054754794947,0.6950062967673534,0.1279747233193502,0.280054754794947,0.6972328538845632,-0.023394811700138685,0.19899612120919657,1.2981726661000943
290,11.6,True,0.12223033358590811,0.2734466236895102,0.7078621194505932,0.1279747233193502,0.27490171433759375,0.7042274179645477,0.0,0.19287576255171607,-0.13802937191905906
292,11.68,True,0.12583469022237867,0.2725955025301107,0.7127350481258985,0.1279747233193502,0.27490171433759375,0.7042274179645477,0.0074653103081359085,0.1769114217021471,0.1310782035939424
294,11.76,True,0.13250365571492517,0.27490171433759375,0.7042274179645477,0.12916917296865194,0.27417416901355196,0.7060447687075704,0.02830582747234356,0.21384827512674687,-0.06075835000780527
296,11.84,True,0.1370604762240825,0.2769215454463089,0.7028768459790483,0.13250365571492517,0.27490171433759375,0.7042274179645477,0.04168103432841543,0.16719008570089827,-0.5832273678231069
