roi,channel,peak_hz_attack,peak_to_median_ratio_attack,target_band_energy_fraction_attack,peak_hz_neutral,peak_to_median_ratio_neutral,target_band_energy_fraction_neutral,peak_to_median_ratio_ratio,target_band_energy_fraction_ratio
global,red,1.1589403973509935,1070.884740008738,0.9456918104760784,0.8278145695364238,9.82642603354429,0.2043617083266858,108.98008455496213,4.627539171694177
global,green,1.1589403973509935,929.925130574967,0.9388008421856344,1.6556291390728477,8.65354478933382,0.1107587540702676,107.46175737383061,8.47608706026108
global,blue,1.1589403973509935,127.52218868690676,0.6602763128284589,2.06953642384106,17.97638923621195,0.0039781535791344,7.093871133476785,165.97557125286434
forehead,red,1.2417218543046358,489.84849247327145,0.9104207109443644,1.1589403973509935,6.631279890403184,0.1738970980817813,73.86937372107943,5.235399100887852
forehead,green,1.1589403973509935,542.2143474844129,0.9206651013692754,1.076158940397351,6.652459012143464,0.0852039760999285,81.50585317318746,10.805424154026634
forehead,blue,1.1589403973509935,45.692672989091534,0.5265337022522436,1.076158940397351,7.662563113112352,0.0749772012195369,5.96310559725129,7.022584114743458
left_cheek,red,1.2417218543046358,287.7558623219458,0.8788850952946089,0.7450331125827815,10.732335031017044,0.1442193728217765,26.81204616612465,6.094084852114272
left_cheek,green,1.1589403973509935,587.6721675241587,0.9296119275003044,1.1589403973509935,4.809328969789299,0.1638658904144445,122.19421279262272,5.673004462058326
left_cheek,blue,1.1589403973509935,53.68356564299313,0.5954718744684178,1.3245033112582782,9.568555786990895,0.1116302790087989,5.610414657975825,5.334322190679838
right_cheek,red,1.2417218543046358,602.1744841926601,0.9448672952320902,0.7450331125827815,19.27179341117975,0.0531639643729984,31.246416529316516,17.77270198668596
right_cheek,green,1.1589403973509935,614.9569486170733,0.9401711570566496,1.903973509933775,3.6402431161660584,0.0613969229164872,168.93293359613637,15.31300124495622
right_cheek,blue,1.1589403973509935,39.81686482713067,0.5451432492833928,2.06953642384106,3.349336069156955,0.0207020958947572,11.887987351819485,26.33275645397093
