condition,channel,attack,neutral,attack_to_neutral_ratio
fps_15,blue,0.3877921832479636,0.0564465025436157,6.870083455539519
fps_15,green,0.9109519133229174,0.0303664811772365,29.998599706237627
fps_15,red,0.8732771056326861,0.0418589577497892,20.862370985266207
h264_crf35,blue,0.2917083675415769,0.0334865677702447,8.711205326954452
h264_crf35,green,0.7329905046214068,0.2015880252795499,3.636081575802633
h264_crf35,red,0.3672345169718491,0.0434662282960078,8.448732070124846
original,blue,0.6602763128284589,0.0039781535791344,165.97557125286434
original,green,0.9388008421856342,0.1107587540702676,8.476087060261078
original,red,0.9456918104760784,0.2043617083266858,4.627539171694177
resize_256,blue,0.1967305769054491,0.045828883363256,4.29272027743056
resize_256,green,0.8842977536771358,0.0401267692917742,22.037601563363655
resize_256,red,0.7997830616915408,0.1272925039622935,6.283033460701284
