clip_id,file_path,label,speaker_id,generator,transcript,central_phoneme,previous_phoneme,next_phoneme,compression,split,source_id
fake_hallo_00023,data/processed/m3_pilot/fake_hallo_00023.mp4,fake,ffhq_00023,Hallo,I'm not sure if I'm going to go to the beach. I'm not sure if I'm going to go to the beach. I'm going to go to the beach.,vowel,stop,stop,standardized_h264_crf23,test,fake_hallo_00023
fake_live_00198,data/processed/m3_pilot/fake_live_00198.mp4,fake,ffhq_00198,LivePortrait,I am going to use the I'm going to use the I'm going to use the I'm going to use the I'm going to use the,vowel,stop,glide,standardized_h264_crf23,test,fake_live_00198
fake_live_00462,data/processed/m3_pilot/fake_live_00462.mp4,fake,ffhq_00462,LivePortrait,See you soon! Thank you for watching! Thank you very much for watching! Thank you very much for watching! See you soon! Bye bye! Bye bye!,vowel,glide,fricative,standardized_h264_crf23,test,fake_live_00462
real_simon,data/processed/m3_pilot/real_simon.mp4,real,simon,none,"Now, the common dialect is a mixture of all nasa, all English, various Celtic languages, like a cummeric and pick dish, things like that.",vowel,fricative,liquid,standardized_h264_crf23,test,real_simon
real_william,data/processed/m3_pilot/real_william.mp4,real,william,none,"has been written into, you know, 2013, it's all the protection of the Personal Information Act. And it's going to apply generally to every single company that actually requires its users or...",vowel,stop,vowel,standardized_h264_crf23,test,real_william
real_yorkshire,data/processed/m3_pilot/real_yorkshire.mp4,real,yorkshire_james,none,"when I'm speaking now like casual heavy cuffs well, I suppose it's nice to show off our the original setting mark.",vowel,stop,fricative,standardized_h264_crf23,test,real_yorkshire
fake_hallo_00054,data/processed/m3_pilot/fake_hallo_00054.mp4,fake,ffhq_00054,Hallo,the highly trained armed professionals out here. At my command we are retaken this location and there's no way I'm compromising this mission so that's some more monitor who used to eat lunch with this imaginary friend could screw it up.,vowel,glide,vowel,standardized_h264_crf23,train,fake_hallo_00054
fake_hallo_00139,data/processed/m3_pilot/fake_hallo_00139.mp4,fake,ffhq_00139,Hallo,I think it's a good idea to be able to get it. I think it's a good idea to be able to get it.,vowel,vowel,stop,standardized_h264_crf23,train,fake_hallo_00139
fake_hallo_00346,data/processed/m3_pilot/fake_hallo_00346.mp4,fake,ffhq_00346,Hallo,"Listen, doctor, I got a boy here in cardiac crisis. You can't treat that with Coca-Cola or Biscuit. We're gonna have to use real medicine this time. Now I'm sending them to Athens in general years. Regular fucking doctor, you get your fat ass out of bed. Get down here and get your fat ass out of bed.",vowel,glide,fricative,standardized_h264_crf23,train,fake_hallo_00346
fake_live_01071,data/processed/m3_pilot/fake_live_01071.mp4,fake,ffhq_01071,LivePortrait,would be contacted by a casting director with something called the Breakdown. Breakdown is sort of a description of the character. Then the agent would look at their roster of actors and see.,vowel,liquid,stop,standardized_h264_crf23,train,fake_live_01071
fake_live_01115,data/processed/m3_pilot/fake_live_01115.mp4,fake,ffhq_01115,LivePortrait,Who am? Who am I? Who am I is a question for the ages? That's one we're all searching for to find out who I am Who's in there? Who wants to come out and go hey? I'm hungry,vowel,liquid,liquid,standardized_h264_crf23,train,fake_live_01115
fake_live_01253,data/processed/m3_pilot/fake_live_01253.mp4,fake,ffhq_01253,LivePortrait,"and they're all there hoping that the actor is going to do a really good job. So if an actor is prepared, if an actor has put in the time to really get ready, they should know that the casting director wants to...",vowel,nasal,stop,standardized_h264_crf23,train,fake_live_01253
real_ahmad,data/processed/m3_pilot/real_ahmad.mp4,real,ahmad,none,"In this video I'm going to talk about my dialect, the Arabic dialect of Aleppo, which is spoken by approximately 2 million people in the city and in diaspora.",vowel,stop,stop,standardized_h264_crf23,train,real_ahmad
real_daniel,data/processed/m3_pilot/real_daniel.mp4,real,daniel,none,I am from the United States of America and I am speaking the English,vowel,stop,vowel,standardized_h264_crf23,train,real_daniel
real_gereon,data/processed/m3_pilot/real_gereon.mp4,real,gereon,none,"Editor thoughts are events like for a weekend or a day, where for example new users and inexperienced writers can learn.",vowel,stop,nasal,standardized_h264_crf23,train,real_gereon
real_ingid,data/processed/m3_pilot/real_ingid.mp4,real,ingid,none,"Hi, my name is Ingrid Cumming. I'm a watch out new man woman and my country is very far away. My country is in the southwest of Western Australia.",vowel,stop,nasal,standardized_h264_crf23,train,real_ingid
real_mckensie,data/processed/m3_pilot/real_mckensie.mp4,real,mckensie,none,"I started with Art and Feminism two years ago as a project coordinator, the theme campaign itself has been in existence for about five years. Our main work focuses on increasing coverage of system trans women.",vowel,stop,nasal,standardized_h264_crf23,train,real_mckensie
real_sam,data/processed/m3_pilot/real_sam.mp4,real,sam,none,"It's so much knowledge. You know, in one place, and it's so easy to access. You know, I don't need to pick big books, because the library is, you know, piece so much, you know, to access that.",vowel,nasal,stop,standardized_h264_crf23,train,real_sam
fake_hallo_01896,data/processed/m3_pilot/fake_hallo_01896.mp4,fake,ffhq_01896,Hallo,"That boy's home is the first place ever felt safe. Those guards were mean, but there's nothing like my pocket be. Followers come be hard on me, or?",vowel,nasal,stop,standardized_h264_crf23,val,fake_hallo_01896
fake_hallo_02235,data/processed/m3_pilot/fake_hallo_02235.mp4,fake,ffhq_02235,Hallo,I'm a bit scared of the first time. I'm a bit scared of the first time. I'm a bit scared of the first time.,vowel,stop,nasal,standardized_h264_crf23,val,fake_hallo_02235
fake_live_03975,data/processed/m3_pilot/fake_live_03975.mp4,fake,ffhq_03975,LivePortrait,"Just sit down and start giving my limits to. I don't think it works. Try it. If it don't, then keep running.",vowel,stop,stop,standardized_h264_crf23,val,fake_live_03975
real_james,data/processed/m3_pilot/real_james.mp4,real,james,none,I'm not sure if I'm going to go to the other side of the world. I'm not sure if I'm going to go to the other side of the world.,vowel,nasal,fricative,standardized_h264_crf23,val,real_james
real_john,data/processed/m3_pilot/real_john.mp4,real,john,none,"speak in three different languages to you, all of which are native to myself and my family. I was born in the United States. I was born in right specifically.",vowel,liquid,vowel,standardized_h264_crf23,val,real_john
real_omar,data/processed/m3_pilot/real_omar.mp4,real,omar,none,I think that it's so much a family heritage to me because I mean just being back home.,vowel,nasal,affricate,standardized_h264_crf23,val,real_omar
