clip_id,start_s,end_s,previous_phoneme,central_phoneme,next_phoneme,previous_phone_arpabet,central_phone_arpabet,next_phone_arpabet,central_word,word_probability,annotation_source,alignment_quality
fake_hallo_00023,8.795,8.995,stop,vowel,stop,T,UW,T,to,0.911805,whisper_tiny.en_word_timestamp+cmudict_uniform_phone_proxy,weak_proxy_not_forced_alignment
fake_live_00198,4.68,4.88,stop,vowel,glide,T,UW,Y,to,0.876024,whisper_tiny.en_word_timestamp+cmudict_uniform_phone_proxy,weak_proxy_not_forced_alignment
fake_live_00462,5.73,5.93,glide,vowel,fricative,Y,UW,V,you,0.986847,whisper_tiny.en_word_timestamp+cmudict_uniform_phone_proxy,weak_proxy_not_forced_alignment
real_simon,6.475,6.675,fricative,vowel,liquid,S,EH,L,celtic,0.987533,whisper_tiny.en_word_timestamp+cmudict_uniform_phone_proxy,weak_proxy_not_forced_alignment
real_william,6.605,6.805,stop,vowel,vowel,T,UW,AH,to,0.999163,whisper_tiny.en_word_timestamp+cmudict_uniform_phone_proxy,weak_proxy_not_forced_alignment
real_yorkshire,4.728,4.928,stop,vowel,fricative,P,OW,Z,suppose,0.995776,whisper_tiny.en_word_timestamp+cmudict_uniform_phone_proxy,weak_proxy_not_forced_alignment
fake_hallo_00054,5.53,5.73,glide,vowel,vowel,W,EY,AY,way,0.999102,whisper_tiny.en_word_timestamp+cmudict_uniform_phone_proxy,weak_proxy_not_forced_alignment
fake_hallo_00139,5.25,5.45,vowel,vowel,stop,IY,EY,B,able,0.92169,whisper_tiny.en_word_timestamp+cmudict_uniform_phone_proxy,weak_proxy_not_forced_alignment
fake_hallo_00346,5.65,5.85,glide,vowel,fricative,Y,UW,S,use,0.998745,whisper_tiny.en_word_timestamp+cmudict_uniform_phone_proxy,weak_proxy_not_forced_alignment
fake_live_01071,5.745,5.945,liquid,vowel,stop,R,IH,P,description,0.996753,whisper_tiny.en_word_timestamp+cmudict_uniform_phone_proxy,weak_proxy_not_forced_alignment
fake_live_01115,5.455,5.655,liquid,vowel,liquid,R,AO,L,all,0.995566,whisper_tiny.en_word_timestamp+cmudict_uniform_phone_proxy,weak_proxy_not_forced_alignment
fake_live_01253,6.2275,6.4275,nasal,vowel,stop,N,AE,K,actor,0.998841,whisper_tiny.en_word_timestamp+cmudict_uniform_phone_proxy,weak_proxy_not_forced_alignment
real_ahmad,6.3,6.5,stop,vowel,stop,P,OW,K,spoken,0.998169,whisper_tiny.en_word_timestamp+cmudict_uniform_phone_proxy,weak_proxy_not_forced_alignment
real_daniel,5.918571,6.118571,stop,vowel,vowel,K,AH,AH,america,0.997803,whisper_tiny.en_word_timestamp+cmudict_uniform_phone_proxy,weak_proxy_not_forced_alignment
real_gereon,4.556667,4.756667,stop,vowel,nasal,K,EH,N,weekend,0.986705,whisper_tiny.en_word_timestamp+cmudict_uniform_phone_proxy,weak_proxy_not_forced_alignment
real_ingid,5.835,6.035,stop,vowel,nasal,K,AH,N,country,0.996986,whisper_tiny.en_word_timestamp+cmudict_uniform_phone_proxy,weak_proxy_not_forced_alignment
real_mckensie,5.857778,6.057778,stop,vowel,nasal,T,AH,N,existence,0.995454,whisper_tiny.en_word_timestamp+cmudict_uniform_phone_proxy,weak_proxy_not_forced_alignment
real_sam,5.685,5.885,nasal,vowel,stop,N,OW,D,know,0.997352,whisper_tiny.en_word_timestamp+cmudict_uniform_phone_proxy,weak_proxy_not_forced_alignment
fake_hallo_01896,6.33,6.53,nasal,vowel,stop,M,AY,P,my,0.990496,whisper_tiny.en_word_timestamp+cmudict_uniform_phone_proxy,weak_proxy_not_forced_alignment
fake_hallo_02235,5.62,5.82,stop,vowel,nasal,T,AY,M,time,0.817475,whisper_tiny.en_word_timestamp+cmudict_uniform_phone_proxy,weak_proxy_not_forced_alignment
fake_live_03975,3.63,3.83,stop,vowel,stop,K,IH,T,it,0.983039,whisper_tiny.en_word_timestamp+cmudict_uniform_phone_proxy,weak_proxy_not_forced_alignment
real_james,9.53,9.73,nasal,vowel,fricative,M,AH,DH,other,0.823337,whisper_tiny.en_word_timestamp+cmudict_uniform_phone_proxy,weak_proxy_not_forced_alignment
real_john,5.625,5.825,liquid,vowel,vowel,L,IY,AY,family,0.999539,whisper_tiny.en_word_timestamp+cmudict_uniform_phone_proxy,weak_proxy_not_forced_alignment
real_omar,4.85,5.05,nasal,vowel,affricate,M,AH,CH,much,0.983681,whisper_tiny.en_word_timestamp+cmudict_uniform_phone_proxy,weak_proxy_not_forced_alignment
